{
  "DYnlo":   [6077.22, 1, "DY",   632],
  "WJets":   [61526.7, 1, "WJet", 593],
  "osWW":    [11.09,   1, "VV",   425],
  "ssWW":    [0.04932, 1, "VV",   425],
  "WWdps":   [1.62,    1, "VV",   425],
  "WZ_ew":   [0.0163,  1, "VV",   425],
  "WZ_qcd":  [5.213,   1, "VV",       425],
  "ZZ":      [0.0086, 1, "VV",       425],
  "ZG_ew":   [0.1097,  1, "VV",       425],
  "WWW":     [0.2086,  1, "VVV",      811],
  "WWZ":     [0.1707,  1, "VVV",      811],
  "WZZ":     [0.05709, 1, "VVV",      811],
  "ZZZ":     [0.01476, 1, "VVV",      811],
  "tW":      [35.85,   1, "SingleTop",920],
  "tbarW":   [35.85,   1, "SingleTop",920],
  "tsch":    [3.36,    1, "SingleTop",920],
  "t_tch":   [136.02,  1, "SingleTop",920],
  "tbar_tch":[80.95,   1, "SingleTop",920],
  "ttH":     [0.5638,  1, "ttXorXX",  876],
  "ttWtoLNu":[0.1792,  1, "ttXorXX",  876],
  "ttWtoQQ": [0.3708,  1, "ttXorXX",  876],
  "ttZ":     [0.2589,  1, "ttXorXX",  876],
  "ttZtoQQ": [0.6012,  1, "ttXorXX",  876],
  "ttWW":    [0.007003,1, "ttXorXX",  876],
  "ttWZ":    [0.002453,1, "ttXorXX",  876],
  "ttZZ":    [0.001386,1, "ttXorXX",  876],
  "ttWH":    [0.00114, 1, "ttXorXX",  876],
  "ttZH":    [0.00113, 1, "ttXorXX",  876],
  "tttJ":    [0.0004,  1, "ttXorXX",  876],
  "tttW":    [0.00073, 1, "ttXorXX",  876],
  "tttt":    [0.0082,  1, "ttXorXX",  876],
  "tzq":     [0.07561, 1, "tzq",      396],
  "TTTo2L":  [88.29, 1, "TT",       600],
  "TTTo1L":  [365.34,1, "TT",       600],
  "DoubleEG":   [1,    0, "data"   ,  0],
  "SingleEG":   [1,    0, "data"   ,  0]
}
