{
  "DYnlo":   [6077.22, 1, "DY",   632],
  "WJets":   [61526.7, 1, "WJet", 593],
  "ww":      [11.09,   1, "VV",   425],
  "wz_qcd":  [5.213, 1, "VV",   425],
  "zz2l":    [0.0086, 1, "VV",   425],
  "www1":    [0.2086,  1, "VVV",  811],
  "wwz1":    [0.1707,  1, "VVV",  811],
  "wzz1":    [0.05709, 1, "VVV",  811],
  "zzz1":    [0.01476, 1, "VVV",  811],
  "tW":      [35.85,   1, "SingleTop", 920],
  "tbarW":   [35.85,   1, "SingleTop", 920],
  "t_sch":   [3.36,    1, "SingleTop", 920],
  "t_tch":   [136.02,  1, "SingleTop", 920],
  "tbar_tch":[80.95,   1, "SingleTop", 920],
  "ttH":     [0.5638,  1, "ttXorXX",  876],
  "ttW":     [0.1792,  1, "ttXorXX",  876],
  "ttWToQQ": [0.3708,  1, "ttXorXX",  876],
  "ttZ":     [0.2589,  1, "ttXorXX",  876],
  "ttZToQQ": [0.6012,  1, "ttXorXX",  876],
  "ttWW":    [0.007003,1, "ttXorXX",  876],
  "ttWZ":    [0.002453,1, "ttXorXX",  876],
  "ttZZ":    [0.001386,1, "ttXorXX",  876],
  "tZq":     [0.07561, 1, "tzq",      396],
  "TTTo2L2Nu":  [88.29, 1, "TT",    600],
  "TTTo1L":  [365.34,   1, "TT",    600],
  "DoubleEG":   [1,    0, "data"   ,  0],
  "SingleEG":   [1,    0, "data"   ,  0]
}
