{
  "DYnlo":   [6077.22, 1, "DY",   632,  0],
  "WJets":   [61526.7, 1, "WJet", 593, -1],
  "ww":      [11.09,   1, "VV",   425,  1],
  "wz_qcd":  [5.213, 1, "VV",   425,    1],
  "zz2l":    [0.0086, 1, "VV",   425,   0],
  "www1":    [0.2086,  1, "VVV",  811,  1],
  "wwz1":    [0.1707,  1, "VVV",  811,  1],
  "wzz1":    [0.05709, 1, "VVV",  811,  1],
  "zzz1":    [0.01476, 1, "VVV",  811,  1],
  "tW":      [35.85,   1, "SingleTop", 920,  0],
  "tbarW":   [35.85,   1, "SingleTop", 920,  0],
  "t_sch":   [3.36,    1, "SingleTop", 920, -1],
  "t_tch":   [136.02,  1, "SingleTop", 920, -1],
  "tbar_tch":[80.95,   1, "SingleTop", 920, -1],
  "ttH":     [0.5638,  1, "ttXorXX",  876,   0],
  "ttW":     [0.1792,  1, "ttXorXX",  876,   1],
  "ttWToQQ": [0.3708,  1, "ttXorXX",  876,   1],
  "ttZ":     [0.2589,  1, "ttXorXX",  876,   1],
  "ttZToQQ": [0.6012,  1, "ttXorXX",  876,   1],
  "ttWW":    [0.007003,1, "ttXorXX",  876,   1],
  "ttWZ":    [0.002453,1, "ttXorXX",  876,   1],
  "ttZZ":    [0.001386,1, "ttXorXX",  876,   1],
  "tZq":     [0.07561, 1, "tzq",      396,   1],
  "TTTo2L":  [88.29,   1, "TT",     600,     1],
  "TTTo1L":  [365.34,   1, "TT",    600,     1],
  "DoubleEG":   [1,    0, "data"   ,  0,    -1],
  "SingleEG":   [1,    0, "data"   ,  0,    -1],
  "SingleMuon":[1,     0, "data",      0,   -1],
  "DoubleMuon":[1,     0, "data",      0,   -1],
  "MuonEG":    [1,     0, "data",      0,   -1]

}
