{
  "DYnlo":   [6077.22,   1, "DY",        632,  0],
  "WJets":   [61526.7,   1, "WJet",      593, -1],
  "ww":      [11.09,     1, "VV",        425,  1],
  "wz_qcd":  [5.213,     1, "VV",        425,  1],
  "zz2l":    [0.0086,    1, "VV",        425,  1],
  "www1":    [0.2086,    1, "VVV",       811,  1],
  "wwz1":    [0.1707,    1, "VVV",       811,  1],
  "wzz1":    [0.05709,   1, "VVV",       811,  1],
  "zzz1":    [0.01476,   1, "VVV",       811,  1],
  "tW":      [35.85,     1, "SingleTop", 920,  0],
  "tbarW":   [35.85,     1, "SingleTop", 920,  0],
  "t_sch":   [3.36,      1, "SingleTop", 920, -1],
  "t_tch":   [136.02,    1, "SingleTop", 920, -1],
  "tbar_tch":[80.95,     1, "SingleTop", 920, -1],
  "ttH":     [0.5638,    1, "ttVH",      876,  1],
  "ttW":     [0.2352,    1, "ttW",       876,  1],
  "ttWToQQ": [0.4867,    1, "ttW",       876,  1],
  "ttZ":     [0.2589,    1, "ttZ",       876,  1],
  "ttZToQQ": [0.6012,    1, "ttZ",       876,  1],
  "ttWW":    [0.01141,   1, "ttVV",      876,  1],
  "ttWZ":    [0.004157,  1, "ttVV",      876,  1],
  "ttZZ":    [0.002117,  1, "ttVV",      876,  1],
  "ttWH":    [0.00114,   1, "ttVH",      876,  1],
  "ttZH":    [0.00113,   1, "ttVH",      876,  1],
  "tttJ":    [0.0003974, 1, "tttX",      876,  1],
  "tttW":    [0.0007314, 1, "tttX",      876,  1],
  "tttt":    [0.008213,  1, "tttX",      876,  1],
  "tZq":     [0.07561,   1, "tZq",       396,  0],
  "TTTo2L":  [88.29,     1, "TT",        600,  1],
  "TTTo1L":  [365.34,    1, "TT",        600,  1],
  "WLLJJ"      : [0.01628,  1, "VBS",    700,  1],
  "WpWpJJ_EWK" : [0.02597,  1, "VBS",    700,  1],
  "ZZJJTo4L"   : [0.008645, 1, "VBS",    700,  1],
  "WpWpJJ_QCD" : [0.02221,  1, "VBS",    700,  1],
  "DoubleEG":   [1,    0, "data",          0, -1],
  "SingleEG":   [1,    0, "data",          0, -1],
  "SingleMuon": [1,    0, "data",          0, -1],
  "DoubleMuon": [1,    0, "data",          0, -1],
  "MuonEG":     [1,    0, "data",          0, -1]
}
