{
  "DYnlo":   [6077.22, 1, "DY",   632,  0, 0],
  "WJets":   [61526.7, 1, "WJet", 593, -1, 0],
  "osWW":    [11.09,   1, "VV",   425,  1, 0],
  "ssWW":    [0.04932, 1, "VV",   425, -1, 0],
  "WWdps":   [1.62,    1, "VV",   425,  0, 0],
  "WZ_ew":   [0.0163,  1, "VV",   425, -1, 0],
  "WZ_qcd":  [5.213,   1, "VV",       425,  1, 0],
  "ZZ":      [0.0086, 1, "VV",        425,  0, 0],
  "ZG_ew":   [0.1097,  1, "VV",       425, -1, 0],
  "WWW":     [0.2086,  1, "VVV",      811,  1, 1],
  "WWZ":     [0.1707,  1, "VVV",      811,  1, 0],
  "WZZ":     [0.05709, 1, "VVV",      811,  1, 0],
  "ZZZ":     [0.01476, 1, "VVV",      811,  1, 0],
  "tW":      [35.85,   1, "SingleTop",920,  0, 0],
  "tbarW":   [35.85,   1, "SingleTop",920,  0, 0],
  "tsch":    [3.36,    1, "SingleTop",920, -1, 0],
  "t_tch":   [136.02,  1, "SingleTop",920, -1, 0],
  "tbar_tch":[80.95,   1, "SingleTop",920, -1, 0],
  "ttH":     [0.5638,  1, "ttXorXX",  876,  0, 0],
  "ttWtoLNu":[0.2352,  1, "ttXorXX",  876,  1, 1],
  "ttWtoQQ": [0.4867,  1, "ttXorXX",  876,  1, 0],
  "ttZ":     [0.2589,  1, "ttXorXX",  876,  1, 1],
  "ttZtoQQ": [0.6012,  1, "ttXorXX",  876,  1, 1],
  "ttWW":    [0.007003,1, "ttXorXX",  876,  1, 1],
  "ttWZ":    [0.002453,1, "ttXorXX",  876,  1, 1],
  "ttZZ":    [0.001386,1, "ttXorXX",  876,  1, 1],
  "ttWH":    [0.00114, 1, "ttXorXX",  876,  0, 0],
  "ttZH":    [0.00113, 1, "ttXorXX",  876,  0, 0],
  "tttJ":    [0.0004,  1, "ttXorXX",  876,  1, 1],
  "tttW":    [0.00073, 1, "ttXorXX",  876,  1, 1],
  "tttt":    [0.0082,  1, "ttXorXX",  876,  1, 1],
  "tzq":     [0.07561, 1, "tzq",      396,  1, 1],
  "TTTo2L":  [88.29,   1, "TT",       600,  1, 1],
  "TTTo1L":  [365.34,  1, "TT",       600,  1, 1],
  "WLLJJ"      : [0.01628, 1, "VBS",  700,  1, 1],
  "WpWpJJ_EWK" : [0.02597, 1, "VBS",  700,  1, 1],
  "ZZJJTo4L"   : [0.008645, 1, "VBS", 700,  1, 1],
  "WpWpJJ_QCD" : [0.02221, 1, "VBS",  700,  1, 1],
  "DoubleEG":   [1,    0, "data"   ,  0,   -1, 0],
  "SingleEG":   [1,    0, "data"   ,  0,   -1, 0],
  "SingleMuon":[1,     0, "data",     0,   -1, 0],
  "DoubleMuon":[1,     0, "data",     0,   -1, 0],
  "MuonEG":    [1,     0, "data",     0,   -1, 0]

}
