{
  "DYnlo":   [6077.22, 1, "DY",   632,  0, 0],
  "WJets":   [61526.7, 1, "WJet", 593, -1, 0],
  "ww":      [11.09,   1, "VV",   425,  1, 0],
  "wz_qcd":  [5.213, 1, "VV",   425,    1, 0],
  "zz2l":    [0.0086, 1, "VV",   425,   0, 0],
  "www1":    [0.2086,  1, "VVV",  811,  1, 1],
  "wwz1":    [0.1707,  1, "VVV",  811,  1, 0],
  "wzz1":    [0.05709, 1, "VVV",  811,  1, 0],
  "zzz1":    [0.01476, 1, "VVV",  811,  1, 0],
  "tW":      [35.85,   1, "SingleTop", 920,  0, 0],
  "tbarW":   [35.85,   1, "SingleTop", 920,  0, 0],
  "t_sch":   [3.36,    1, "SingleTop", 920, -1, 0],
  "t_tch":   [136.02,  1, "SingleTop", 920, -1, 0],
  "tbar_tch":[80.95,   1, "SingleTop", 920, -1, 0],
  "ttH":     [0.5638,  1, "ttXorXX",  876,   0, 0],
  "ttW":     [0.2352,  1, "ttXorXX",  876,   1, 1],
  "ttWToQQ": [0.4867,  1, "ttXorXX",  876,   1, 0],
  "ttZ":     [0.2589,  1, "ttXorXX",  876,   1, 1],
  "ttZToQQ": [0.6012,  1, "ttXorXX",  876,   1, 1],
  "ttWW":    [0.007003,1, "ttXorXX",  876,   1, 1],
  "ttWZ":    [0.002453,1, "ttXorXX",  876,   1, 1],
  "ttZZ":    [0.001386,1, "ttXorXX",  876,   1, 1],
  "ttWH":    [0.00114, 1, "ttXorXX",  876,   0, 0],
  "ttZH":    [0.00113, 1, "ttXorXX",  876,   0, 0],
  "tttJ":    [0.0003974,1,"ttXorXX",  876,   1, 1],
  "tttW":    [0.0007314,1,"ttXorXX",  876,   1, 1],
  "tttt":    [0.008213,1, "ttXorXX",  876,   1, 1],
  "tZq":     [0.07561, 1, "tzq",      396,   1, 1],
  "TTTo2L":  [88.29,   1, "TT",     600,     1, 1],
  "TTTo1L":  [365.34,   1, "TT",    600,     1, 1],
  "WLLJJ"      : [0.01628, 1, "VBS",  700,   1, 1],
  "WpWpJJ_EWK" : [0.02597, 1, "VBS",  700,   1, 1],
  "ZZJJTo4L"   : [0.008645, 1, "VBS", 700,   1, 1],
  "WpWpJJ_QCD" : [0.02221, 1, "VBS",  700,   1, 1],
  "DoubleEG":   [1,    0, "data"   ,  0,    -1, 0],
  "SingleEG":   [1,    0, "data"   ,  0,    -1, 0],
  "SingleMuon":[1,     0, "data",      0,   -1, 0],
  "DoubleMuon":[1,     0, "data",      0,   -1, 0],
  "MuonEG":    [1,     0, "data",      0,   -1, 0]

}
